{
  "3": {
    "recall": 0.6632874485658709,
    "ndcg": 0.7198217281882877,
    "coverage": 1.0
  },
  "5": {
    "recall": 0.8860356799683946,
    "ndcg": 0.7873591213119294,
    "coverage": 1.0
  },
  "10": {
    "recall": 0.9987766963637034,
    "ndcg": 0.8249709923250549,
    "coverage": 1.0
  }
}